2020-01-01T20:00:00,8300000.0
2020-01-01T16:00:00,8337000.0
2020-01-01T12:00:00,8332000.0
2020-01-01T08:00:00,8312000.0
2020-01-01T04:00:00,8318000.0
2020-01-01T00:00:00,8342000.0
2020-01-02T20:00:00,8037000.0
2020-01-02T16:00:00,8076000.0
2020-01-02T12:00:00,8234000.0
2020-01-02T08:00:00,8244000.0
2020-01-02T04:00:00,8207000.0
2020-01-02T00:00:00,8213000.0
2020-01-03T20:00:00,8474000.0
2020-01-03T16:00:00,8481000.0
2020-01-03T12:00:00,8443000.0
2020-01-03T08:00:00,8475000.0
2020-01-03T04:00:00,8350000.0
2020-01-03T00:00:00,8056000.0
2020-01-04T20:00:00,8482000.0
2020-01-04T16:00:00,8446000.0
2020-01-04T12:00:00,8425000.0
2020-01-04T08:00:00,8450000.0
2020-01-04T04:00:00,8460000.0
2020-01-04T00:00:00,8458000.0
2020-01-05T20:00:00,8454000.0
2020-01-05T16:00:00,8562000.0
2020-01-05T12:00:00,8585000.0
2020-01-05T08:00:00,8545000.0
2020-01-05T04:00:00,8597000.0
2020-01-05T00:00:00,8625000.0
2020-01-06T20:00:00,8866000.0
2020-01-06T16:00:00,8651000.0
2020-01-06T12:00:00,8621000.0
2020-01-06T08:00:00,8687000.0
2020-01-06T04:00:00,8640000.0
2020-01-06T00:00:00,8675000.0
2020-01-07T20:00:00,9398000.0
2020-01-07T16:00:00,9235000.0
2020-01-07T12:00:00,8912000.0
2020-01-07T08:00:00,9070000.0
2020-01-07T04:00:00,9035000.0
2020-01-07T00:00:00,9029000.0
2020-01-08T20:00:00,9085000.0
2020-01-08T16:00:00,9085000.0
2020-01-08T12:00:00,9529000.0
2020-01-08T08:00:00,9608000.0
2020-01-08T04:00:00,9567000.0
2020-01-08T00:00:00,9572000.0
2020-01-09T20:00:00,8941000.0
2020-01-09T16:00:00,9036000.0
2020-01-09T12:00:00,9010000.0
2020-01-09T08:00:00,8985000.0
2020-01-09T04:00:00,9042000.0
2020-01-09T00:00:00,9013000.0
2020-01-10T20:00:00,9233000.0
2020-01-10T16:00:00,9141000.0
2020-01-10T12:00:00,9191000.0
2020-01-10T08:00:00,8984000.0
2020-01-10T04:00:00,8842000.0
2020-01-10T00:00:00,8933000.0
2020-01-11T20:00:00,9060000.0
2020-01-11T16:00:00,9159000.0
2020-01-11T12:00:00,9145000.0
2020-01-11T08:00:00,9105000.0
2020-01-11T04:00:00,9150000.0
2020-01-11T00:00:00,9232000.0
2020-01-12T20:00:00,9213000.0
2020-01-12T16:00:00,9207000.0
2020-01-12T12:00:00,9208000.0
2020-01-12T08:00:00,9165000.0
2020-01-12T04:00:00,9135000.0
2020-01-12T00:00:00,9129000.0
2020-01-13T20:00:00,9172000.0
2020-01-13T16:00:00,9156000.0
2020-01-13T12:00:00,9131000.0
2020-01-13T08:00:00,9155000.0
2020-01-13T04:00:00,9151000.0
2020-01-13T00:00:00,9176000.0
2020-01-14T20:00:00,9716000.0
2020-01-14T16:00:00,9582000.0
2020-01-14T12:00:00,9567000.0
2020-01-14T08:00:00,9525000.0
2020-01-14T04:00:00,9529000.0
2020-01-14T00:00:00,9454000.0
2020-01-15T20:00:00,9735000.0
2020-01-15T16:00:00,9707000.0
2020-01-15T12:00:00,9700000.0
2020-01-15T08:00:00,9731000.0
2020-01-15T04:00:00,9632000.0
2020-01-15T00:00:00,9672000.0
2020-01-16T20:00:00,9785000.0
2020-01-16T16:00:00,9783000.0
2020-01-16T12:00:00,9817000.0
2020-01-16T08:00:00,9772000.0
2020-01-16T04:00:00,9717000.0
2020-01-16T00:00:00,9616000.0
2020-01-17T20:00:00,9992000.0
2020-01-17T16:00:00,10026000.0
2020-01-17T12:00:00,9960000.0
2020-01-17T08:00:00,10060000.0
2020-01-17T04:00:00,10117000.0
2020-01-17T00:00:00,9965000.0
2020-01-18T20:00:00,10085000.0
2020-01-18T16:00:00,10087000.0
2020-01-18T12:00:00,10061000.0
2020-01-18T08:00:00,10020000.0
2020-01-18T04:00:00,10029000.0
2020-01-18T00:00:00,10073000.0
2020-01-19T20:00:00,9887000.0
2020-01-19T16:00:00,9872000.0
2020-01-19T12:00:00,9882000.0
2020-01-19T08:00:00,9911000.0
2020-01-19T04:00:00,10296000.0
2020-01-19T00:00:00,10369000.0
2020-01-20T20:00:00,9851000.0
2020-01-20T16:00:00,9845000.0
2020-01-20T12:00:00,9868000.0
2020-01-20T08:00:00,9860000.0
2020-01-20T04:00:00,9881000.0
2020-01-20T00:00:00,9900000.0
2020-01-21T20:00:00,9958000.0
2020-01-21T16:00:00,9810000.0
2020-01-21T12:00:00,9868000.0
2020-01-21T08:00:00,9876000.0
2020-01-21T04:00:00,9860000.0
2020-01-21T00:00:00,9860000.0
2020-01-22T20:00:00,9922000.0
2020-01-22T16:00:00,9900000.0
2020-01-22T12:00:00,9888000.0
2020-01-22T08:00:00,9905000.0
2020-01-22T04:00:00,10008000.0
2020-01-22T00:00:00,9978000.0
2020-01-23T20:00:00,9750000.0
2020-01-23T16:00:00,9720000.0
2020-01-23T12:00:00,9680000.0
2020-01-23T08:00:00,9744000.0
2020-01-23T04:00:00,9852000.0
2020-01-23T00:00:00,9855000.0
2020-01-24T20:00:00,9813000.0
2020-01-24T16:00:00,9867000.0
2020-01-24T12:00:00,9854000.0
2020-01-24T08:00:00,9770000.0
2020-01-24T04:00:00,9713000.0
2020-01-24T00:00:00,9682000.0
2020-01-25T20:00:00,9745000.0
2020-01-25T16:00:00,9747000.0
2020-01-25T12:00:00,9708000.0
2020-01-25T08:00:00,9709000.0
2020-01-25T04:00:00,9701000.0
2020-01-25T00:00:00,9690000.0
2020-01-26T20:00:00,9966000.0
2020-01-26T16:00:00,9950000.0
2020-01-26T12:00:00,9830000.0
2020-01-26T08:00:00,9855000.0
2020-01-26T04:00:00,9787000.0
2020-01-26T00:00:00,9766000.0
2020-01-27T20:00:00,10132000.0
2020-01-27T16:00:00,10177000.0
2020-01-27T12:00:00,10085000.0
2020-01-27T08:00:00,10059000.0
2020-01-27T04:00:00,10002000.0
2020-01-27T00:00:00,10012000.0
2020-01-28T20:00:00,10570000.0
2020-01-28T16:00:00,10283000.0
2020-01-28T12:00:00,10298000.0
2020-01-28T08:00:00,10348000.0
2020-01-28T04:00:00,10297000.0
2020-01-28T00:00:00,10363000.0
2020-01-29T20:00:00,10670000.0
2020-01-29T16:00:00,10704000.0
2020-01-29T12:00:00,10610000.0
2020-01-29T08:00:00,10645000.0
2020-01-29T04:00:00,10611000.0
2020-01-29T00:00:00,10582000.0
2020-01-30T20:00:00,10779000.0
2020-01-30T16:00:00,10796000.0
2020-01-30T12:00:00,10696000.0
2020-01-30T08:00:00,10647000.0
2020-01-30T04:00:00,10674000.0
2020-01-30T00:00:00,10535000.0
2020-02-01T20:00:00,10820000.0
2020-02-01T16:00:00,10789000.0
2020-02-01T12:00:00,10837000.0
2020-02-01T08:00:00,10826000.0
2020-02-01T04:00:00,10869000.0
2020-02-01T00:00:00,10859000.0
2020-02-02T20:00:00,10765000.0
2020-02-02T16:00:00,10850000.0
2020-02-02T12:00:00,10864000.0
2020-02-02T08:00:00,10847000.0
2020-02-02T04:00:00,10800000.0
2020-02-02T00:00:00,10741000.0
2020-02-03T20:00:00,10750000.0
2020-02-03T16:00:00,10776000.0
2020-02-03T12:00:00,10783000.0
2020-02-03T08:00:00,10813000.0
2020-02-03T04:00:00,10830000.0
2020-02-03T00:00:00,10838000.0
2020-02-04T20:00:00,10635000.0
2020-02-04T16:00:00,10646000.0
2020-02-04T12:00:00,10662000.0
2020-02-04T08:00:00,10593000.0
2020-02-04T04:00:00,10715000.0
2020-02-04T00:00:00,10722000.0
2020-02-05T20:00:00,11054000.0
2020-02-05T16:00:00,11056000.0
2020-02-05T12:00:00,10900000.0
2020-02-05T08:00:00,10857000.0
2020-02-05T04:00:00,10725000.0
2020-02-05T00:00:00,10673000.0
2020-02-06T20:00:00,11264000.0
2020-02-06T16:00:00,11266000.0
2020-02-06T12:00:00,11316000.0
2020-02-06T08:00:00,11223000.0
2020-02-06T04:00:00,11089000.0
2020-02-06T00:00:00,11063000.0
2020-02-07T20:00:00,11490000.0
2020-02-07T16:00:00,11433000.0
2020-02-07T12:00:00,11488000.0
2020-02-07T08:00:00,11515000.0
2020-02-07T04:00:00,11433000.0
2020-02-07T00:00:00,11397000.0
2020-02-08T20:00:00,11568000.0
2020-02-08T16:00:00,11522000.0
2020-02-08T12:00:00,11475000.0
2020-02-08T08:00:00,11455000.0
2020-02-08T04:00:00,11416000.0
2020-02-08T00:00:00,11297000.0
2020-02-09T20:00:00,11821000.0
2020-02-09T16:00:00,11731000.0
2020-02-09T12:00:00,11779000.0
2020-02-09T08:00:00,11762000.0
2020-02-09T04:00:00,11767000.0
2020-02-09T00:00:00,11766000.0
2020-02-10T20:00:00,11520000.0
2020-02-10T16:00:00,11495000.0
2020-02-10T12:00:00,11507000.0
2020-02-10T08:00:00,11482000.0
2020-02-10T04:00:00,11679000.0
2020-02-10T00:00:00,11778000.0
2020-02-11T20:00:00,11819000.0
2020-02-11T16:00:00,11838000.0
2020-02-11T12:00:00,11815000.0
2020-02-11T08:00:00,11471000.0
2020-02-11T04:00:00,11374000.0
2020-02-11T00:00:00,11349000.0
2020-02-12T20:00:00,11793000.0
2020-02-12T16:00:00,11806000.0
2020-02-12T12:00:00,11826000.0
2020-02-12T08:00:00,11865000.0
2020-02-12T04:00:00,11880000.0
2020-02-12T00:00:00,11791000.0
2020-02-13T20:00:00,11793000.0
2020-02-13T16:00:00,11804000.0
2020-02-13T12:00:00,11722000.0
2020-02-13T08:00:00,11700000.0
2020-02-13T04:00:00,11797000.0
2020-02-13T00:00:00,11873000.0
2020-02-14T20:00:00,11845000.0
2020-02-14T16:00:00,11870000.0
2020-02-14T12:00:00,11836000.0
2020-02-14T08:00:00,11863000.0
2020-02-14T04:00:00,11731000.0
2020-02-14T00:00:00,11828000.0
2020-02-15T20:00:00,11503000.0
2020-02-15T16:00:00,11588000.0
2020-02-15T12:00:00,11612000.0
2020-02-15T08:00:00,11842000.0
2020-02-15T04:00:00,11827000.0
2020-02-15T00:00:00,11839000.0
2020-02-16T20:00:00,11659000.0
2020-02-16T16:00:00,11396000.0
2020-02-16T12:00:00,11452000.0
2020-02-16T08:00:00,11511000.0
2020-02-16T04:00:00,11627000.0
2020-02-16T00:00:00,11673000.0
2020-02-17T20:00:00,11438000.0
2020-02-17T16:00:00,11354000.0
2020-02-17T12:00:00,11300000.0
2020-02-17T08:00:00,11300000.0
2020-02-17T04:00:00,11438000.0
2020-02-17T00:00:00,11442000.0
2020-02-18T20:00:00,11838000.0
2020-02-18T16:00:00,11701000.0
2020-02-18T12:00:00,11541000.0
2020-02-18T08:00:00,11414000.0
2020-02-18T04:00:00,11557000.0
2020-02-18T00:00:00,11443000.0
2020-02-19T20:00:00,11415000.0
2020-02-19T16:00:00,11906000.0
2020-02-19T12:00:00,11866000.0
2020-02-19T08:00:00,11917000.0
2020-02-19T04:00:00,11774000.0
2020-02-19T00:00:00,11906000.0
2020-03-01T20:00:00,10374000.0
2020-03-01T16:00:00,10407000.0
2020-03-01T12:00:00,10401000.0
2020-03-01T08:00:00,10447000.0
2020-03-01T04:00:00,10345000.0
2020-03-01T00:00:00,10426000.0
2020-03-02T20:00:00,10675000.0
2020-03-02T16:00:00,10634000.0
2020-03-02T12:00:00,10570000.0
2020-03-02T08:00:00,10500000.0
2020-03-02T04:00:00,10397000.0
2020-03-02T00:00:00,10431000.0
2020-03-03T20:00:00,10502000.0
2020-03-03T16:00:00,10450000.0
2020-03-03T12:00:00,10487000.0
2020-03-03T08:00:00,10604000.0
2020-03-03T04:00:00,10492000.0
2020-03-03T00:00:00,10602000.0
2020-03-04T20:00:00,10503000.0
2020-03-04T16:00:00,10498000.0
2020-03-04T12:00:00,10471000.0
2020-03-04T08:00:00,10444000.0
2020-03-04T04:00:00,10507000.0
2020-03-04T00:00:00,10509000.0
2020-03-05T20:00:00,10791000.0
2020-03-05T16:00:00,10858000.0
2020-03-05T12:00:00,10787000.0
2020-03-05T08:00:00,10805000.0
2020-03-05T04:00:00,10583000.0
2020-03-05T00:00:00,10583000.0
2020-03-06T20:00:00,10840000.0
2020-03-06T16:00:00,10843000.0
2020-03-06T12:00:00,10759000.0
2020-03-06T08:00:00,10852000.0
2020-03-06T04:00:00,10840000.0
2020-03-06T00:00:00,10785000.0
2020-03-07T20:00:00,10678000.0
2020-03-07T16:00:00,10689000.0
2020-03-07T12:00:00,10883000.0
2020-03-07T08:00:00,10859000.0
2020-03-07T04:00:00,10850000.0
2020-03-07T00:00:00,10849000.0
2020-03-08T20:00:00,9876000.0
2020-03-08T16:00:00,10091000.0
2020-03-08T12:00:00,10259000.0
2020-03-08T08:00:00,10573000.0
2020-03-08T04:00:00,10519000.0
2020-03-08T00:00:00,10542000.0
2020-03-09T20:00:00,9726000.0
2020-03-09T16:00:00,9579000.0
2020-03-09T12:00:00,9493000.0
2020-03-09T08:00:00,9559000.0
2020-03-09T04:00:00,9725000.0
2020-03-09T00:00:00,9936000.0
2020-03-10T20:00:00,9574000.0
2020-03-10T16:00:00,9603000.0
2020-03-10T12:00:00,9433000.0
2020-03-10T08:00:00,9727000.0
2020-03-10T04:00:00,9545000.0
2020-03-10T00:00:00,9602000.0
2020-03-11T20:00:00,9510000.0
2020-03-11T16:00:00,9408000.0
2020-03-11T12:00:00,9330000.0
2020-03-11T08:00:00,9429000.0
2020-03-11T04:00:00,9480000.0
2020-03-11T00:00:00,9552000.0
2020-03-12T20:00:00,6363000.0
2020-03-12T16:00:00,7503000.0
2020-03-12T12:00:00,7800000.0
2020-03-12T08:00:00,7743000.0
2020-03-12T04:00:00,8960000.0
2020-03-12T00:00:00,9182000.0
2020-03-13T20:00:00,7267000.0
2020-03-13T16:00:00,7033000.0
2020-03-13T12:00:00,6748000.0
2020-03-13T08:00:00,7066000.0
2020-03-13T04:00:00,7128000.0
2020-03-13T00:00:00,6920000.0
2020-03-14T20:00:00,6823000.0
2020-03-14T16:00:00,6921000.0
2020-03-14T12:00:00,6812000.0
2020-03-14T08:00:00,6960000.0
2020-03-14T04:00:00,7048000.0
2020-03-14T00:00:00,7198000.0
2020-03-15T20:00:00,6909000.0
2020-03-15T16:00:00,6808000.0
2020-03-15T12:00:00,6811000.0
2020-03-15T08:00:00,6936000.0
2020-03-15T04:00:00,6769000.0
2020-03-15T00:00:00,6675000.0
2020-03-16T20:00:00,6385000.0
2020-03-16T16:00:00,6314000.0
2020-03-16T12:00:00,6624000.0
2020-03-16T08:00:00,6123000.0
2020-03-16T04:00:00,6260000.0
2020-03-16T00:00:00,6753000.0
2020-03-17T20:00:00,6774000.0
2020-03-17T16:00:00,6742000.0
2020-03-17T12:00:00,6721000.0
2020-03-17T08:00:00,6652000.0
2020-03-17T04:00:00,6766000.0
2020-03-17T00:00:00,6710000.0
2020-03-18T20:00:00,6745000.0
2020-03-18T16:00:00,6682000.0
2020-03-18T12:00:00,6679000.0
2020-03-18T08:00:00,6509000.0
2020-03-18T04:00:00,6498000.0
2020-03-18T00:00:00,6743000.0
2020-03-19T20:00:00,7679000.0
2020-03-19T16:00:00,7753000.0
2020-03-19T12:00:00,7340000.0
2020-03-19T08:00:00,7080000.0
2020-03-19T04:00:00,6838000.0
2020-03-19T00:00:00,6634000.0
2020-03-20T20:00:00,7781000.0
2020-03-20T16:00:00,7791000.0
2020-03-20T12:00:00,8203000.0
2020-03-20T08:00:00,8317000.0
2020-03-20T04:00:00,7930000.0
2020-03-20T00:00:00,7732000.0
2020-03-21T20:00:00,7740000.0
2020-03-21T16:00:00,7802000.0
2020-03-21T12:00:00,7795000.0
2020-03-21T08:00:00,7709000.0
2020-03-21T04:00:00,7769000.0
2020-03-21T00:00:00,7915000.0
2020-03-22T20:00:00,7366000.0
2020-03-22T16:00:00,7513000.0
2020-03-22T12:00:00,7642000.0
2020-03-22T08:00:00,7708000.0
2020-03-22T04:00:00,7849000.0
2020-03-22T00:00:00,7876000.0
2020-03-23T20:00:00,8047000.0
2020-03-23T16:00:00,7807000.0
2020-03-23T12:00:00,7759000.0
2020-03-23T08:00:00,7366000.0
2020-03-23T04:00:00,7408000.0
2020-03-23T00:00:00,7574000.0
2020-03-24T20:00:00,8367000.0
2020-03-24T16:00:00,8279000.0
2020-03-24T12:00:00,8194000.0
2020-03-24T08:00:00,8309000.0
2020-03-24T04:00:00,8145000.0
2020-03-24T00:00:00,8099000.0
2020-03-25T20:00:00,8271000.0
2020-03-25T16:00:00,8223000.0
2020-03-25T12:00:00,8255000.0
2020-03-25T08:00:00,8126000.0
2020-03-25T04:00:00,8250000.0
2020-03-25T00:00:00,8117000.0
2020-03-26T20:00:00,8272000.0
2020-03-26T16:00:00,8198000.0
2020-03-26T12:00:00,8172000.0
2020-03-26T08:00:00,8164000.0
2020-03-26T04:00:00,8140000.0
2020-03-26T00:00:00,8275000.0
2020-03-27T20:00:00,7880000.0
2020-03-27T16:00:00,8156000.0
2020-03-27T12:00:00,8153000.0
2020-03-27T08:00:00,8161000.0
2020-03-27T04:00:00,8211000.0
2020-03-27T00:00:00,8298000.0
2020-03-28T20:00:00,7656000.0
2020-03-28T16:00:00,7626000.0
2020-03-28T12:00:00,7612000.0
2020-03-28T08:00:00,7631000.0
2020-03-28T04:00:00,7599000.0
2020-03-28T00:00:00,7500000.0
2020-03-29T20:00:00,7218000.0
2020-03-29T16:00:00,7337000.0
2020-03-29T12:00:00,7521000.0
2020-03-29T08:00:00,7565000.0
2020-03-29T04:00:00,7554000.0
2020-03-29T00:00:00,7631000.0
2020-03-30T20:00:00,7798000.0
2020-03-30T16:00:00,7765000.0
2020-03-30T12:00:00,7746000.0
2020-03-30T08:00:00,7781000.0
2020-03-30T04:00:00,7657000.0
2020-03-30T00:00:00,7390000.0
2020-04-01T20:00:00,8074000.0
2020-04-01T16:00:00,7619000.0
2020-04-01T12:00:00,7616000.0
2020-04-01T08:00:00,7666000.0
2020-04-01T04:00:00,7708000.0
2020-04-01T00:00:00,7753000.0
2020-04-02T20:00:00,8174000.0
2020-04-02T16:00:00,8171000.0
2020-04-02T12:00:00,8211000.0
2020-04-02T08:00:00,8123000.0
2020-04-02T04:00:00,8073000.0
2020-04-02T00:00:00,8033000.0
2020-04-03T20:00:00,8156000.0
2020-04-03T16:00:00,8203000.0
2020-04-03T12:00:00,8128000.0
2020-04-03T08:00:00,8401000.0
2020-04-03T04:00:00,8310000.0
2020-04-03T00:00:00,8183000.0
2020-04-04T20:00:00,8249000.0
2020-04-04T16:00:00,8153000.0
2020-04-04T12:00:00,8155000.0
2020-04-04T08:00:00,8129000.0
2020-04-04T04:00:00,8156000.0
2020-04-04T00:00:00,8126000.0
2020-04-05T20:00:00,8198000.0
2020-04-05T16:00:00,8205000.0
2020-04-05T12:00:00,8169000.0
2020-04-05T08:00:00,8183000.0
2020-04-05T04:00:00,8202000.0
2020-04-05T00:00:00,8214000.0
2020-04-06T20:00:00,8786000.0
2020-04-06T16:00:00,8683000.0
2020-04-06T12:00:00,8535000.0
2020-04-06T08:00:00,8489000.0
2020-04-06T04:00:00,8424000.0
2020-04-06T00:00:00,8270000.0
2020-04-07T20:00:00,8660000.0
2020-04-07T16:00:00,8741000.0
2020-04-07T12:00:00,8783000.0
2020-04-07T08:00:00,8839000.0
2020-04-07T04:00:00,8845000.0
2020-04-07T00:00:00,8761000.0
2020-04-08T20:00:00,8821000.0
2020-04-08T16:00:00,8777000.0
2020-04-08T12:00:00,8759000.0
2020-04-08T08:00:00,8785000.0
2020-04-08T04:00:00,8837000.0
2020-04-08T00:00:00,8838000.0
2020-04-09T20:00:00,8804000.0
2020-04-09T16:00:00,8782000.0
2020-04-09T12:00:00,8780000.0
2020-04-09T08:00:00,8713000.0
2020-04-09T04:00:00,8833000.0
2020-04-09T00:00:00,8784000.0
2020-04-10T20:00:00,8414000.0
2020-04-10T16:00:00,8427000.0
2020-04-10T12:00:00,8276000.0
2020-04-10T08:00:00,8429000.0
2020-04-10T04:00:00,8406000.0
2020-04-10T00:00:00,8663000.0
2020-04-11T20:00:00,8463000.0
2020-04-11T16:00:00,8356000.0
2020-04-11T12:00:00,8398000.0
2020-04-11T08:00:00,8400000.0
2020-04-11T04:00:00,8407000.0
2020-04-11T00:00:00,8468000.0
2020-04-12T20:00:00,8470000.0
2020-04-12T16:00:00,8689000.0
2020-04-12T12:00:00,8578000.0
2020-04-12T08:00:00,8399000.0
2020-04-12T04:00:00,8373000.0
2020-04-12T00:00:00,8360000.0
2020-04-13T20:00:00,8379000.0
2020-04-13T16:00:00,8302000.0
2020-04-13T12:00:00,8290000.0
2020-04-13T08:00:00,8349000.0
2020-04-13T04:00:00,8273000.0
2020-04-13T00:00:00,8253000.0
2020-04-14T20:00:00,8378000.0
2020-04-14T16:00:00,8404000.0
2020-04-14T12:00:00,8402000.0
2020-04-14T08:00:00,8332000.0
2020-04-14T04:00:00,8335000.0
2020-04-14T00:00:00,8405000.0
2020-04-15T20:00:00,8108000.0
2020-04-15T16:00:00,8225000.0
2020-04-15T12:00:00,8215000.0
2020-04-15T08:00:00,8272000.0
2020-04-15T04:00:00,8360000.0
2020-04-15T00:00:00,8401000.0
2020-04-16T20:00:00,8562000.0
2020-04-16T16:00:00,8508000.0
2020-04-16T12:00:00,8487000.0
2020-04-16T08:00:00,8477000.0
2020-04-16T04:00:00,8359000.0
2020-04-16T00:00:00,8137000.0
2020-04-17T20:00:00,8519000.0
2020-04-17T16:00:00,8565000.0
2020-04-17T12:00:00,8515000.0
2020-04-17T08:00:00,8578000.0
2020-04-17T04:00:00,8520000.0
2020-04-17T00:00:00,8565000.0
2020-04-18T20:00:00,8712000.0
2020-04-18T16:00:00,8701000.0
2020-04-18T12:00:00,8711000.0
2020-04-18T08:00:00,8590000.0
2020-04-18T04:00:00,8577000.0
2020-04-18T00:00:00,8580000.0
2020-04-19T20:00:00,8660000.0
2020-04-19T16:00:00,8647000.0
2020-04-19T12:00:00,8620000.0
2020-04-19T08:00:00,8639000.0
2020-04-19T04:00:00,8611000.0
2020-04-19T00:00:00,8696000.0
2020-04-20T20:00:00,8387000.0
2020-04-20T16:00:00,8374000.0
2020-04-20T12:00:00,8570000.0
2020-04-20T08:00:00,8484000.0
2020-04-20T04:00:00,8699000.0
2020-04-20T00:00:00,8686000.0
2020-04-21T20:00:00,8407000.0
2020-04-21T16:00:00,8431000.0
2020-04-21T12:00:00,8382000.0
2020-04-21T08:00:00,8321000.0
2020-04-21T04:00:00,8410000.0
2020-04-21T00:00:00,8414000.0
2020-04-22T20:00:00,8636000.0
2020-04-22T16:00:00,8612000.0
2020-04-22T12:00:00,8633000.0
2020-04-22T08:00:00,8486000.0
2020-04-22T04:00:00,8510000.0
2020-04-22T00:00:00,8421000.0
2020-04-23T20:00:00,9057000.0
2020-04-23T16:00:00,9086000.0
2020-04-23T12:00:00,9060000.0
2020-04-23T08:00:00,8662000.0
2020-04-23T04:00:00,8599000.0
2020-04-23T00:00:00,8659000.0
2020-04-24T20:00:00,9100000.0
2020-04-24T16:00:00,9127000.0
2020-04-24T12:00:00,9128000.0
2020-04-24T08:00:00,9130000.0
2020-04-24T04:00:00,9200000.0
2020-04-24T00:00:00,9124000.0
2020-04-25T20:00:00,9164000.0
2020-04-25T16:00:00,9162000.0
2020-04-25T12:00:00,9157000.0
2020-04-25T08:00:00,9160000.0
2020-04-25T04:00:00,9184000.0
2020-04-25T00:00:00,9121000.0
2020-04-26T20:00:00,9376000.0
2020-04-26T16:00:00,9314000.0
2020-04-26T12:00:00,9208000.0
2020-04-26T08:00:00,9296000.0
2020-04-26T04:00:00,9165000.0
2020-04-26T00:00:00,9174000.0
2020-04-27T20:00:00,9490000.0
2020-04-27T16:00:00,9407000.0
2020-04-27T12:00:00,9378000.0
2020-04-27T08:00:00,9388000.0
2020-04-27T04:00:00,9390000.0
2020-04-27T00:00:00,9442000.0
2020-04-28T20:00:00,9410000.0
2020-04-28T16:00:00,9369000.0
2020-04-28T12:00:00,9383000.0
2020-04-28T08:00:00,9380000.0
2020-04-28T04:00:00,9395000.0
2020-04-28T00:00:00,9361000.0
2020-04-29T20:00:00,10530000.0
2020-04-29T16:00:00,10460000.0
2020-04-29T12:00:00,10054000.0
2020-04-29T08:00:00,9813000.0
2020-04-29T04:00:00,9614000.0
2020-04-29T00:00:00,9472000.0
2020-05-01T20:00:00,10773000.0
2020-05-01T16:00:00,10674000.0
2020-05-01T12:00:00,10636000.0
2020-05-01T08:00:00,10974000.0
2020-05-01T04:00:00,10636000.0
2020-05-01T00:00:00,10535000.0
2020-05-02T20:00:00,10882000.0
2020-05-02T16:00:00,10798000.0
2020-05-02T12:00:00,10846000.0
2020-05-02T08:00:00,10767000.0
2020-05-02T04:00:00,10695000.0
2020-05-02T00:00:00,10783000.0
2020-05-03T20:00:00,10887000.0
2020-05-03T16:00:00,10855000.0
2020-05-03T12:00:00,10793000.0
2020-05-03T08:00:00,10973000.0
2020-05-03T04:00:00,10921000.0
2020-05-03T00:00:00,11047000.0
2020-05-04T20:00:00,10850000.0
2020-05-04T16:00:00,10804000.0
2020-05-04T12:00:00,10802000.0
2020-05-04T08:00:00,10640000.0
2020-05-04T04:00:00,10616000.0
2020-05-04T00:00:00,10671000.0
2020-05-05T20:00:00,10972000.0
2020-05-05T16:00:00,10877000.0
2020-05-05T12:00:00,10806000.0
2020-05-05T08:00:00,10801000.0
2020-05-05T04:00:00,10962000.0
2020-05-05T00:00:00,10795000.0
2020-05-06T20:00:00,11269000.0
2020-05-06T16:00:00,11281000.0
2020-05-06T12:00:00,11251000.0
2020-05-06T08:00:00,11308000.0
2020-05-06T04:00:00,10978000.0
2020-05-06T00:00:00,10949000.0
2020-05-07T20:00:00,11998000.0
2020-05-07T16:00:00,11905000.0
2020-05-07T12:00:00,11573000.0
2020-05-07T08:00:00,11322000.0
2020-05-07T04:00:00,11366000.0
2020-05-07T00:00:00,11353000.0
2020-05-08T20:00:00,11881000.0
2020-05-08T16:00:00,12049000.0
2020-05-08T12:00:00,12046000.0
2020-05-08T08:00:00,11989000.0
2020-05-08T04:00:00,11923000.0
2020-05-08T00:00:00,12035000.0
2020-05-09T20:00:00,11550000.0
2020-05-09T16:00:00,11762000.0
2020-05-09T12:00:00,11688000.0
2020-05-09T08:00:00,11651000.0
2020-05-09T04:00:00,11500000.0
2020-05-09T00:00:00,11872000.0
2020-05-10T20:00:00,10671000.0
2020-05-10T16:00:00,10412000.0
2020-05-10T12:00:00,10573000.0
2020-05-10T08:00:00,10700000.0
2020-05-10T04:00:00,10773000.0
2020-05-10T00:00:00,10583000.0
2020-05-11T20:00:00,10448000.0
2020-05-11T16:00:00,10672000.0
2020-05-11T12:00:00,10796000.0
2020-05-11T08:00:00,10880000.0
2020-05-11T04:00:00,10522000.0
2020-05-11T00:00:00,10561000.0
2020-05-12T20:00:00,10677000.0
2020-05-12T16:00:00,10680000.0
2020-05-12T12:00:00,10764000.0
2020-05-12T08:00:00,10671000.0
2020-05-12T04:00:00,10538000.0
2020-05-12T00:00:00,10666000.0
2020-05-13T20:00:00,11268000.0
2020-05-13T16:00:00,11068000.0
2020-05-13T12:00:00,11052000.0
2020-05-13T08:00:00,10952000.0
2020-05-13T04:00:00,10788000.0
2020-05-13T00:00:00,10810000.0
2020-05-14T20:00:00,11776000.0
2020-05-14T16:00:00,11650000.0
2020-05-14T12:00:00,11756000.0
2020-05-14T08:00:00,11673000.0
2020-05-14T04:00:00,11571000.0
2020-05-14T00:00:00,11321000.0
2020-05-15T20:00:00,11314000.0
2020-05-15T16:00:00,11367000.0
2020-05-15T12:00:00,11478000.0
2020-05-15T08:00:00,11560000.0
2020-05-15T04:00:00,11664000.0
2020-05-15T00:00:00,11430000.0
2020-05-16T20:00:00,11325000.0
2020-05-16T16:00:00,11298000.0
2020-05-16T12:00:00,11318000.0
2020-05-16T08:00:00,11384000.0
2020-05-16T04:00:00,11358000.0
2020-05-16T00:00:00,11414000.0
2020-05-17T20:00:00,11619000.0
2020-05-17T16:00:00,11708000.0
2020-05-17T12:00:00,11747000.0
2020-05-17T08:00:00,11448000.0
2020-05-17T04:00:00,11464000.0
2020-05-17T00:00:00,11487000.0
2020-05-18T20:00:00,11705000.0
2020-05-18T16:00:00,11660000.0
2020-05-18T12:00:00,11626000.0
2020-05-18T08:00:00,11601000.0
2020-05-18T04:00:00,11711000.0
2020-05-18T00:00:00,11793000.0
2020-05-19T20:00:00,11727000.0
2020-05-19T16:00:00,11634000.0
2020-05-19T12:00:00,11647000.0
2020-05-19T08:00:00,11680000.0
2020-05-19T04:00:00,11535000.0
2020-05-19T00:00:00,11496000.0
2020-05-20T20:00:00,11532000.0
2020-05-20T16:00:00,11557000.0
2020-05-20T12:00:00,11418000.0
2020-05-20T08:00:00,11710000.0
2020-05-20T04:00:00,11721000.0
2020-05-20T00:00:00,11709000.0
2020-05-21T20:00:00,11089000.0
2020-05-21T16:00:00,11071000.0
2020-05-21T12:00:00,11033000.0
2020-05-21T08:00:00,11376000.0
2020-05-21T04:00:00,11454000.0
2020-05-21T00:00:00,11478000.0
2020-05-22T20:00:00,11117000.0
2020-05-22T16:00:00,11155000.0
2020-05-22T12:00:00,11165000.0
2020-05-22T08:00:00,11141000.0
2020-05-22T04:00:00,11066000.0
2020-05-22T00:00:00,10934000.0
2020-05-23T20:00:00,11140000.0
2020-05-23T16:00:00,11150000.0
2020-05-23T12:00:00,11128000.0
2020-05-23T08:00:00,11145000.0
2020-05-23T04:00:00,11216000.0
2020-05-23T00:00:00,11256000.0
2020-05-24T20:00:00,10664000.0
2020-05-24T16:00:00,10935000.0
2020-05-24T12:00:00,10999000.0
2020-05-24T08:00:00,11070000.0
2020-05-24T04:00:00,11192000.0
2020-05-24T00:00:00,11148000.0
2020-05-25T20:00:00,10825000.0
2020-05-25T16:00:00,10854000.0
2020-05-25T12:00:00,10673000.0
2020-05-25T08:00:00,10599000.0
2020-05-25T04:00:00,10801000.0
2020-05-25T00:00:00,10718000.0
2020-05-26T20:00:00,10729000.0
2020-05-26T16:00:00,10696000.0
2020-05-26T12:00:00,10637000.0
2020-05-26T08:00:00,10758000.0
2020-05-26T04:00:00,10833000.0
2020-05-26T00:00:00,10801000.0
2020-05-27T20:00:00,11163000.0
2020-05-27T16:00:00,11109000.0
2020-05-27T12:00:00,11078000.0
2020-05-27T08:00:00,11112000.0
2020-05-27T04:00:00,10739000.0
2020-05-27T00:00:00,10744000.0
2020-05-28T20:00:00,11579000.0
2020-05-28T16:00:00,11431000.0
2020-05-28T12:00:00,11463000.0
2020-05-28T08:00:00,11277000.0
2020-05-28T04:00:00,11139000.0
2020-05-28T00:00:00,11156000.0
2020-05-29T20:00:00,11398000.0
2020-05-29T16:00:00,11400000.0
2020-05-29T12:00:00,11355000.0
2020-05-29T08:00:00,11354000.0
2020-05-29T04:00:00,11489000.0
2020-05-29T00:00:00,11517000.0
2020-05-30T20:00:00,11581000.0
2020-05-30T16:00:00,11456000.0
2020-05-30T12:00:00,11462000.0
2020-05-30T08:00:00,11477000.0
2020-05-30T04:00:00,11475000.0
2020-05-30T00:00:00,11349000.0
2020-06-01T20:00:00,12112000.0
2020-06-01T16:00:00,11524000.0
2020-06-01T12:00:00,11495000.0
2020-06-01T08:00:00,11507000.0
2020-06-01T04:00:00,11535000.0
2020-06-01T00:00:00,11562000.0
2020-06-02T20:00:00,11520000.0
2020-06-02T16:00:00,11509000.0
2020-06-02T12:00:00,11473000.0
2020-06-02T08:00:00,12030000.0
2020-06-02T04:00:00,12085000.0
2020-06-02T00:00:00,12060000.0
2020-06-03T20:00:00,11648000.0
2020-06-03T16:00:00,11563000.0
2020-06-03T12:00:00,11512000.0
2020-06-03T08:00:00,11584000.0
2020-06-03T04:00:00,11504000.0
2020-06-03T00:00:00,11431000.0
2020-06-04T20:00:00,11784000.0
2020-06-04T16:00:00,11828000.0
2020-06-04T12:00:00,11802000.0
2020-06-04T08:00:00,11612000.0
2020-06-04T04:00:00,11672000.0
2020-06-04T00:00:00,11698000.0
2020-06-05T20:00:00,11597000.0
2020-06-05T16:00:00,11672000.0
2020-06-05T12:00:00,11677000.0
2020-06-05T08:00:00,11673000.0
2020-06-05T04:00:00,11730000.0
2020-06-05T00:00:00,11781000.0
2020-06-06T20:00:00,11641000.0
2020-06-06T16:00:00,11608000.0
2020-06-06T12:00:00,11604000.0
2020-06-06T08:00:00,11640000.0
2020-06-06T04:00:00,11568000.0
2020-06-06T00:00:00,11592000.0
2020-06-07T20:00:00,11687000.0
2020-06-07T16:00:00,11763000.0
2020-06-07T12:00:00,11469000.0
2020-06-07T08:00:00,11544000.0
2020-06-07T04:00:00,11599000.0
2020-06-07T00:00:00,11634000.0
2020-06-08T20:00:00,11690000.0
2020-06-08T16:00:00,11614000.0
2020-06-08T12:00:00,11613000.0
2020-06-08T08:00:00,11657000.0
2020-06-08T04:00:00,11663000.0
2020-06-08T00:00:00,11645000.0
2020-06-09T20:00:00,11688000.0
2020-06-09T16:00:00,11677000.0
2020-06-09T12:00:00,11631000.0
2020-06-09T08:00:00,11645000.0
2020-06-09T04:00:00,11610000.0
2020-06-09T00:00:00,11595000.0
2020-06-10T20:00:00,11737000.0
2020-06-10T16:00:00,11712000.0
2020-06-10T12:00:00,11633000.0
2020-06-10T08:00:00,11606000.0
2020-06-10T04:00:00,11626000.0
2020-06-10T00:00:00,11636000.0
2020-06-11T20:00:00,11090000.0
2020-06-11T16:00:00,11215000.0
2020-06-11T12:00:00,11422000.0
2020-06-11T08:00:00,11670000.0
2020-06-11T04:00:00,11676000.0
2020-06-11T00:00:00,11750000.0
2020-06-12T20:00:00,11380000.0
2020-06-12T16:00:00,11350000.0
2020-06-12T12:00:00,11327000.0
2020-06-12T08:00:00,11417000.0
2020-06-12T04:00:00,11378000.0
2020-06-12T00:00:00,11327000.0
2020-06-13T20:00:00,11388000.0
2020-06-13T16:00:00,11324000.0
2020-06-13T12:00:00,11360000.0
2020-06-13T08:00:00,11325000.0
2020-06-13T04:00:00,11364000.0
2020-06-13T00:00:00,11365000.0
2020-06-14T20:00:00,11246000.0
2020-06-14T16:00:00,11301000.0
2020-06-14T12:00:00,11333000.0
2020-06-14T08:00:00,11339000.0
2020-06-14T04:00:00,11322000.0
2020-06-14T00:00:00,11342000.0
2020-06-15T20:00:00,11346000.0
2020-06-15T16:00:00,11325000.0
2020-06-15T12:00:00,11206000.0
2020-06-15T08:00:00,11005000.0
2020-06-15T04:00:00,11016000.0
2020-06-15T00:00:00,10971000.0
2020-06-16T20:00:00,11453000.0
2020-06-16T16:00:00,11419000.0
2020-06-16T12:00:00,11363000.0
2020-06-16T08:00:00,11409000.0
2020-06-16T04:00:00,11417000.0
2020-06-16T00:00:00,11457000.0
2020-06-17T20:00:00,11437000.0
2020-06-17T16:00:00,11345000.0
2020-06-17T12:00:00,11382000.0
2020-06-17T08:00:00,11420000.0
2020-06-17T04:00:00,11445000.0
2020-06-17T00:00:00,11387000.0
2020-06-18T20:00:00,11341000.0
2020-06-18T16:00:00,11338000.0
2020-06-18T12:00:00,11334000.0
2020-06-18T08:00:00,11365000.0
2020-06-18T04:00:00,11390000.0
2020-06-18T00:00:00,11387000.0
2020-06-19T20:00:00,11286000.0
2020-06-19T16:00:00,11255000.0
2020-06-19T12:00:00,11326000.0
2020-06-19T08:00:00,11348000.0
2020-06-19T04:00:00,11210000.0
2020-06-19T00:00:00,11189000.0
2020-06-20T20:00:00,11325000.0
2020-06-20T16:00:00,11254000.0
2020-06-20T12:00:00,11220000.0
2020-06-20T08:00:00,11295000.0
2020-06-20T04:00:00,11247000.0
2020-06-20T00:00:00,11297000.0
2020-06-21T20:00:00,11238000.0
2020-06-21T16:00:00,11294000.0
2020-06-21T12:00:00,11310000.0
2020-06-21T08:00:00,11288000.0
2020-06-21T04:00:00,11305000.0
2020-06-21T00:00:00,11320000.0
2020-06-22T20:00:00,11593000.0
2020-06-22T16:00:00,11472000.0
2020-06-22T12:00:00,11409000.0
2020-06-22T08:00:00,11390000.0
2020-06-22T04:00:00,11345000.0
2020-06-22T00:00:00,11302000.0
2020-06-23T20:00:00,11509000.0
2020-06-23T16:00:00,11531000.0
2020-06-23T12:00:00,11570000.0
2020-06-23T08:00:00,11533000.0
2020-06-23T04:00:00,11592000.0
2020-06-23T00:00:00,11579000.0
2020-06-24T20:00:00,11233000.0
2020-06-24T16:00:00,11218000.0
2020-06-24T12:00:00,11155000.0
2020-06-24T08:00:00,11219000.0
2020-06-24T04:00:00,11403000.0
2020-06-24T00:00:00,11525000.0
2020-06-25T20:00:00,11147000.0
2020-06-25T16:00:00,11156000.0
2020-06-25T12:00:00,11088000.0
2020-06-25T08:00:00,11141000.0
2020-06-25T04:00:00,11010000.0
2020-06-25T00:00:00,10950000.0
2020-06-26T20:00:00,11045000.0
2020-06-26T16:00:00,11026000.0
2020-06-26T12:00:00,11002000.0
2020-06-26T08:00:00,11045000.0
2020-06-26T04:00:00,10979000.0
2020-06-26T00:00:00,11100000.0
2020-06-27T20:00:00,10913000.0
2020-06-27T16:00:00,10879000.0
2020-06-27T12:00:00,10985000.0
2020-06-27T08:00:00,11002000.0
2020-06-27T04:00:00,11019000.0
2020-06-27T00:00:00,11010000.0
2020-06-28T20:00:00,10970000.0
2020-06-28T16:00:00,10982000.0
2020-06-28T12:00:00,11023000.0
2020-06-28T08:00:00,10895000.0
2020-06-28T04:00:00,10855000.0
2020-06-28T00:00:00,10817000.0
2020-06-29T20:00:00,10972000.0
2020-06-29T16:00:00,10958000.0
2020-06-29T12:00:00,10940000.0
2020-06-29T08:00:00,10890000.0
2020-06-29T04:00:00,10907000.0
2020-06-29T00:00:00,10918000.0
2020-07-01T20:00:00,11051000.0
2020-07-01T16:00:00,11051000.0
2020-07-01T12:00:00,11070000.0
2020-07-01T08:00:00,10956000.0
2020-07-01T04:00:00,10914000.0
2020-07-01T00:00:00,10904000.0
2020-07-02T20:00:00,10888000.0
2020-07-02T16:00:00,10863000.0
2020-07-02T12:00:00,10857000.0
2020-07-02T08:00:00,10989000.0
2020-07-02T04:00:00,11000000.0
2020-07-02T00:00:00,11030000.0
2020-07-03T20:00:00,10837000.0
2020-07-03T16:00:00,10854000.0
2020-07-03T12:00:00,10884000.0
2020-07-03T08:00:00,10868000.0
2020-07-03T04:00:00,10880000.0
2020-07-03T00:00:00,10879000.0
2020-07-04T20:00:00,10884000.0
2020-07-04T16:00:00,10894000.0
2020-07-04T12:00:00,10830000.0
2020-07-04T08:00:00,10820000.0
2020-07-04T04:00:00,10843000.0
2020-07-04T00:00:00,10884000.0
2020-07-05T20:00:00,10831000.0
2020-07-05T16:00:00,10785000.0
2020-07-05T12:00:00,10799000.0
2020-07-05T08:00:00,10787000.0
2020-07-05T04:00:00,10829000.0
2020-07-05T00:00:00,10890000.0
2020-07-06T20:00:00,11065000.0
2020-07-06T16:00:00,11030000.0
2020-07-06T12:00:00,11050000.0
2020-07-06T08:00:00,10948000.0
2020-07-06T04:00:00,10942000.0
2020-07-06T00:00:00,10831000.0
2020-07-07T20:00:00,10988000.0
2020-07-07T16:00:00,10970000.0
2020-07-07T12:00:00,11001000.0
2020-07-07T08:00:00,10970000.0
2020-07-07T04:00:00,10980000.0
2020-07-07T00:00:00,11014000.0
2020-07-08T20:00:00,11138000.0
2020-07-08T16:00:00,11148000.0
2020-07-08T12:00:00,11140000.0
2020-07-08T08:00:00,11020000.0
2020-07-08T04:00:00,11009000.0
2020-07-08T00:00:00,11010000.0
2020-07-09T20:00:00,10961000.0
2020-07-09T16:00:00,10952000.0
2020-07-09T12:00:00,10939000.0
2020-07-09T08:00:00,11113000.0
2020-07-09T04:00:00,11137000.0
2020-07-09T00:00:00,11098000.0
2020-07-10T20:00:00,11043000.0
2020-07-10T16:00:00,10985000.0
2020-07-10T12:00:00,10990000.0
2020-07-10T08:00:00,10918000.0
2020-07-10T04:00:00,10910000.0
2020-07-10T00:00:00,10975000.0
2020-07-11T20:00:00,10957000.0
2020-07-11T16:00:00,10932000.0
2020-07-11T12:00:00,10944000.0
2020-07-11T08:00:00,10934000.0
2020-07-11T04:00:00,10986000.0
2020-07-11T00:00:00,11007000.0
2020-07-12T20:00:00,11036000.0
2020-07-12T16:00:00,10963000.0
2020-07-12T12:00:00,10955000.0
2020-07-12T08:00:00,10973000.0
2020-07-12T04:00:00,10967000.0
2020-07-12T00:00:00,10996000.0
2020-07-13T20:00:00,11000000.0
2020-07-13T16:00:00,11024000.0
2020-07-13T12:00:00,11027000.0
2020-07-13T08:00:00,11019000.0
2020-07-13T04:00:00,11008000.0
2020-07-13T00:00:00,11016000.0
2020-07-14T20:00:00,11010000.0
2020-07-14T16:00:00,11019000.0
2020-07-14T12:00:00,10991000.0
2020-07-14T08:00:00,11032000.0
2020-07-14T04:00:00,10985000.0
2020-07-14T00:00:00,10995000.0
2020-07-15T20:00:00,10975000.0
2020-07-15T16:00:00,10956000.0
2020-07-15T12:00:00,10991000.0
2020-07-15T08:00:00,10976000.0
2020-07-15T04:00:00,10993000.0
2020-07-15T00:00:00,10990000.0
2020-07-16T20:00:00,10934000.0
2020-07-16T16:00:00,10922000.0
2020-07-16T12:00:00,10907000.0
2020-07-16T08:00:00,10895000.0
2020-07-16T04:00:00,10930000.0
2020-07-16T00:00:00,10957000.0
2020-07-17T20:00:00,10937000.0
2020-07-17T16:00:00,10945000.0
2020-07-17T12:00:00,10924000.0
2020-07-17T08:00:00,10907000.0
2020-07-17T04:00:00,10898000.0
2020-07-17T00:00:00,10881000.0
2020-07-18T20:00:00,10905000.0
2020-07-18T16:00:00,10919000.0
2020-07-18T12:00:00,10924000.0
2020-07-18T08:00:00,10917000.0
2020-07-18T04:00:00,10902000.0
2020-07-18T00:00:00,10921000.0
2020-07-19T20:00:00,10943000.0
2020-07-19T16:00:00,10914000.0
2020-07-19T12:00:00,10890000.0
2020-07-19T08:00:00,10872000.0
2020-07-19T04:00:00,10909000.0
2020-07-19T00:00:00,10910000.0
2020-07-20T20:00:00,10950000.0
2020-07-20T16:00:00,10970000.0
2020-07-20T12:00:00,10938000.0
2020-07-20T08:00:00,10926000.0
2020-07-20T04:00:00,10947000.0
2020-07-20T00:00:00,10931000.0
2020-07-21T20:00:00,11123000.0
2020-07-21T16:00:00,11128000.0
2020-07-21T12:00:00,11104000.0
2020-07-21T08:00:00,11122000.0
2020-07-21T04:00:00,11111000.0
2020-07-21T00:00:00,10951000.0
2020-07-22T20:00:00,11269000.0
2020-07-22T16:00:00,11123000.0
2020-07-22T12:00:00,11119000.0
2020-07-22T08:00:00,11121000.0
2020-07-22T04:00:00,11083000.0
2020-07-22T00:00:00,11120000.0
2020-07-23T20:00:00,11331000.0
2020-07-23T16:00:00,11343000.0
2020-07-23T12:00:00,11263000.0
2020-07-23T08:00:00,11271000.0
2020-07-23T04:00:00,11257000.0
2020-07-23T00:00:00,11278000.0
2020-07-24T20:00:00,11346000.0
2020-07-24T16:00:00,11390000.0
2020-07-24T12:00:00,11350000.0
2020-07-24T08:00:00,11327000.0
2020-07-24T04:00:00,11256000.0
2020-07-24T00:00:00,11297000.0
2020-07-25T20:00:00,11477000.0
2020-07-25T16:00:00,11420000.0
2020-07-25T12:00:00,11375000.0
2020-07-25T08:00:00,11370000.0
2020-07-25T04:00:00,11360000.0
2020-07-25T00:00:00,11385000.0
2020-07-26T20:00:00,11715000.0
2020-07-26T16:00:00,11657000.0
2020-07-26T12:00:00,11804000.0
2020-07-26T08:00:00,11759000.0
2020-07-26T04:00:00,11487000.0
2020-07-26T00:00:00,11447000.0
2020-07-27T20:00:00,12916000.0
2020-07-27T16:00:00,12684000.0
2020-07-27T12:00:00,12219000.0
2020-07-27T08:00:00,12120000.0
2020-07-27T04:00:00,12016000.0
2020-07-27T00:00:00,12110000.0
2020-07-28T20:00:00,12772000.0
2020-07-28T16:00:00,12928000.0
2020-07-28T12:00:00,13126000.0
2020-07-28T08:00:00,12975000.0
2020-07-28T04:00:00,12880000.0
2020-07-28T00:00:00,12853000.0
2020-07-29T20:00:00,13124000.0
2020-07-29T16:00:00,13250000.0
2020-07-29T12:00:00,13209000.0
2020-07-29T08:00:00,13069000.0
2020-07-29T04:00:00,12963000.0
2020-07-29T00:00:00,12905000.0
2020-07-30T20:00:00,13098000.0
2020-07-30T16:00:00,13133000.0
2020-07-30T12:00:00,13058000.0
2020-07-30T08:00:00,12982000.0
2020-07-30T04:00:00,12958000.0
2020-07-30T00:00:00,12984000.0
2020-08-01T20:00:00,13922000.0
2020-08-01T16:00:00,13890000.0
2020-08-01T12:00:00,13769000.0
2020-08-01T08:00:00,13825000.0
2020-08-01T04:00:00,13850000.0
2020-08-01T00:00:00,13430000.0
2020-08-02T20:00:00,13030000.0
2020-08-02T16:00:00,13205000.0
2020-08-02T12:00:00,13053000.0
2020-08-02T08:00:00,13053000.0
2020-08-02T04:00:00,13500000.0
2020-08-02T00:00:00,14187000.0
2020-08-03T20:00:00,13272000.0
2020-08-03T16:00:00,13499000.0
2020-08-03T12:00:00,13492000.0
2020-08-03T08:00:00,13347000.0
2020-08-03T04:00:00,13308000.0
2020-08-03T00:00:00,13198000.0
2020-08-04T20:00:00,13319000.0
2020-08-04T16:00:00,13364000.0
2020-08-04T12:00:00,13312000.0
2020-08-04T08:00:00,13232000.0
2020-08-04T04:00:00,13407000.0
2020-08-04T00:00:00,13325000.0
2020-08-05T20:00:00,13843000.0
2020-08-05T16:00:00,13777000.0
2020-08-05T12:00:00,13810000.0
2020-08-05T08:00:00,13516000.0
2020-08-05T04:00:00,13353000.0
2020-08-05T00:00:00,13314000.0
2020-08-06T20:00:00,13884000.0
2020-08-06T16:00:00,13971000.0
2020-08-06T12:00:00,13972000.0
2020-08-06T08:00:00,13839000.0
2020-08-06T04:00:00,13770000.0
2020-08-06T00:00:00,13770000.0
2020-08-07T20:00:00,13777000.0
2020-08-07T16:00:00,13674000.0
2020-08-07T12:00:00,13788000.0
2020-08-07T08:00:00,13877000.0
2020-08-07T04:00:00,13937000.0
2020-08-07T00:00:00,13980000.0
2020-08-08T20:00:00,13887000.0
2020-08-08T16:00:00,13873000.0
2020-08-08T12:00:00,13870000.0
2020-08-08T08:00:00,13924000.0
2020-08-08T04:00:00,13775000.0
2020-08-08T00:00:00,13718000.0
2020-08-09T20:00:00,13820000.0
2020-08-09T16:00:00,13759000.0
2020-08-09T12:00:00,13715000.0
2020-08-09T08:00:00,13797000.0
2020-08-09T04:00:00,13815000.0
2020-08-09T00:00:00,13863000.0
2020-08-10T20:00:00,13990000.0
2020-08-10T16:00:00,13970000.0
2020-08-10T12:00:00,14014000.0
2020-08-10T08:00:00,13889000.0
2020-08-10T04:00:00,14124000.0
2020-08-10T00:00:00,14180000.0
2020-08-11T20:00:00,13619000.0
2020-08-11T16:00:00,13547000.0
2020-08-11T12:00:00,13661000.0
2020-08-11T08:00:00,13889000.0
2020-08-11T04:00:00,13904000.0
2020-08-11T00:00:00,13951000.0
2020-08-12T20:00:00,13709000.0
2020-08-12T16:00:00,13698000.0
2020-08-12T12:00:00,13710000.0
2020-08-12T08:00:00,13555000.0
2020-08-12T04:00:00,13606000.0
2020-08-12T00:00:00,13513000.0
2020-08-13T20:00:00,13810000.0
2020-08-13T16:00:00,13619000.0
2020-08-13T12:00:00,13603000.0
2020-08-13T08:00:00,13653000.0
2020-08-13T04:00:00,13610000.0
2020-08-13T00:00:00,13708000.0
2020-08-14T20:00:00,13846000.0
2020-08-14T16:00:00,13866000.0
2020-08-14T12:00:00,13803000.0
2020-08-14T08:00:00,13849000.0
2020-08-14T04:00:00,13769000.0
2020-08-14T00:00:00,13810000.0
2020-08-15T20:00:00,13878000.0
2020-08-15T16:00:00,13854000.0
2020-08-15T12:00:00,13870000.0
2020-08-15T08:00:00,13938000.0
2020-08-15T04:00:00,13983000.0
2020-08-15T00:00:00,13970000.0
2020-08-16T20:00:00,13889000.0
2020-08-16T16:00:00,13800000.0
2020-08-16T12:00:00,13873000.0
2020-08-16T08:00:00,13815000.0
2020-08-16T04:00:00,13893000.0
2020-08-16T00:00:00,13938000.0
2020-08-17T20:00:00,14204000.0
2020-08-17T16:00:00,14162000.0
2020-08-17T12:00:00,14332000.0
2020-08-17T08:00:00,13894000.0
2020-08-17T04:00:00,13829000.0
2020-08-17T00:00:00,13838000.0
2020-08-18T20:00:00,14000000.0
2020-08-18T16:00:00,14003000.0
2020-08-18T12:00:00,13957000.0
2020-08-18T08:00:00,14239000.0
2020-08-18T04:00:00,14287000.0
2020-08-18T00:00:00,14260000.0
2020-08-19T20:00:00,13878000.0
2020-08-19T16:00:00,13839000.0
2020-08-19T12:00:00,13816000.0
2020-08-19T08:00:00,13900000.0
2020-08-19T04:00:00,13912000.0
2020-08-19T00:00:00,13922000.0
2020-08-20T20:00:00,13967000.0
2020-08-20T16:00:00,13942000.0
2020-08-20T12:00:00,13937000.0
2020-08-20T08:00:00,13885000.0
2020-08-20T04:00:00,13755000.0
2020-08-20T00:00:00,13791000.0
2020-08-21T20:00:00,13781000.0
2020-08-21T16:00:00,13883000.0
2020-08-21T12:00:00,13906000.0
2020-08-21T08:00:00,13907000.0
2020-08-21T04:00:00,13967000.0
2020-08-21T00:00:00,14010000.0
2020-08-22T20:00:00,13840000.0
2020-08-22T16:00:00,13764000.0
2020-08-22T12:00:00,13770000.0
2020-08-22T08:00:00,13729000.0
2020-08-22T04:00:00,13768000.0
2020-08-22T00:00:00,13665000.0
2020-08-23T20:00:00,13802000.0
2020-08-23T16:00:00,13839000.0
2020-08-23T12:00:00,13825000.0
2020-08-23T08:00:00,13707000.0
2020-08-23T04:00:00,13773000.0
2020-08-23T00:00:00,13772000.0
2020-08-24T20:00:00,13876000.0
2020-08-24T16:00:00,13855000.0
2020-08-24T12:00:00,13852000.0
2020-08-24T08:00:00,13907000.0
2020-08-24T04:00:00,13844000.0
2020-08-24T00:00:00,13820000.0
2020-08-25T20:00:00,13476000.0
2020-08-25T16:00:00,13460000.0
2020-08-25T12:00:00,13557000.0
2020-08-25T08:00:00,13692000.0
2020-08-25T04:00:00,13649000.0
2020-08-25T00:00:00,13776000.0
2020-08-26T20:00:00,13561000.0
2020-08-26T16:00:00,13560000.0
2020-08-26T12:00:00,13563000.0
2020-08-26T08:00:00,13488000.0
2020-08-26T04:00:00,13429000.0
2020-08-26T00:00:00,13475000.0
2020-08-27T20:00:00,13401000.0
2020-08-27T16:00:00,13357000.0
2020-08-27T12:00:00,13410000.0
2020-08-27T08:00:00,13349000.0
2020-08-27T04:00:00,13450000.0
2020-08-27T00:00:00,13448000.0
2020-08-28T20:00:00,13549000.0
2020-08-28T16:00:00,13534000.0
2020-08-28T12:00:00,13550000.0
2020-08-28T08:00:00,13490000.0
2020-08-28T04:00:00,13403000.0
2020-08-28T00:00:00,13419000.0
2020-08-29T20:00:00,13470000.0
2020-08-29T16:00:00,13525000.0
2020-08-29T12:00:00,13487000.0
2020-08-29T08:00:00,13460000.0
2020-08-29T04:00:00,13550000.0
2020-08-29T00:00:00,13505000.0
2020-08-30T20:00:00,13671000.0
2020-08-30T16:00:00,13631000.0
2020-08-30T12:00:00,13600000.0
2020-08-30T08:00:00,13622000.0
2020-08-30T04:00:00,13628000.0
2020-08-30T00:00:00,13625000.0
2020-09-01T20:00:00,13974000.0
2020-09-01T16:00:00,14008000.0
2020-09-01T12:00:00,14090000.0
2020-09-01T08:00:00,13941000.0
2020-09-01T04:00:00,13940000.0
2020-09-01T00:00:00,13742000.0
2020-09-02T20:00:00,13571000.0
2020-09-02T16:00:00,13549000.0
2020-09-02T12:00:00,13510000.0
2020-09-02T08:00:00,13500000.0
2020-09-02T04:00:00,13796000.0
2020-09-02T00:00:00,13865000.0
2020-09-03T20:00:00,12303000.0
2020-09-03T16:00:00,12800000.0
2020-09-03T12:00:00,12789000.0
2020-09-03T08:00:00,13399000.0
2020-09-03T04:00:00,13580000.0
2020-09-03T00:00:00,13481000.0
2020-09-04T20:00:00,12636000.0
2020-09-04T16:00:00,12722000.0
2020-09-04T12:00:00,12640000.0
2020-09-04T08:00:00,12550000.0
2020-09-04T04:00:00,12456000.0
2020-09-04T00:00:00,12399000.0
2020-09-05T20:00:00,12382000.0
2020-09-05T16:00:00,12181000.0
2020-09-05T12:00:00,12386000.0
2020-09-05T08:00:00,12307000.0
2020-09-05T04:00:00,12531000.0
2020-09-05T00:00:00,12551000.0
2020-09-06T20:00:00,12353000.0
2020-09-06T16:00:00,12355000.0
2020-09-06T12:00:00,12258000.0
2020-09-06T08:00:00,12326000.0
2020-09-06T04:00:00,12312000.0
2020-09-06T00:00:00,12313000.0
2020-09-07T20:00:00,12388000.0
2020-09-07T16:00:00,12160000.0
2020-09-07T12:00:00,12160000.0
2020-09-07T08:00:00,12070000.0
2020-09-07T04:00:00,12142000.0
2020-09-07T00:00:00,12276000.0
2020-09-08T20:00:00,12131000.0
2020-09-08T16:00:00,12009000.0
2020-09-08T12:00:00,12075000.0
2020-09-08T08:00:00,11980000.0
2020-09-08T04:00:00,12240000.0
2020-09-08T00:00:00,12312000.0
2020-09-09T20:00:00,12177000.0
2020-09-09T16:00:00,12239000.0
2020-09-09T12:00:00,12219000.0
2020-09-09T08:00:00,12178000.0
2020-09-09T04:00:00,12140000.0
2020-09-09T00:00:00,11995000.0
2020-09-10T20:00:00,12328000.0
2020-09-10T16:00:00,12254000.0
2020-09-10T12:00:00,12386000.0
2020-09-10T08:00:00,12259000.0
2020-09-10T04:00:00,12217000.0
2020-09-10T00:00:00,12320000.0
2020-09-11T20:00:00,12336000.0
2020-09-11T16:00:00,12271000.0
2020-09-11T12:00:00,12262000.0
2020-09-11T08:00:00,12230000.0
2020-09-11T04:00:00,12211000.0
2020-09-11T00:00:00,12199000.0
2020-09-12T20:00:00,12379000.0
2020-09-12T16:00:00,12432000.0
2020-09-12T12:00:00,12318000.0
2020-09-12T08:00:00,12297000.0
2020-09-12T04:00:00,12297000.0
2020-09-12T00:00:00,12309000.0
2020-09-13T20:00:00,12377000.0
2020-09-13T16:00:00,12348000.0
2020-09-13T12:00:00,12298000.0
2020-09-13T08:00:00,12258000.0
2020-09-13T04:00:00,12536000.0
2020-09-13T00:00:00,12546000.0
2020-09-14T20:00:00,12659000.0
2020-09-14T16:00:00,12671000.0
2020-09-14T12:00:00,12673000.0
2020-09-14T08:00:00,12436000.0
2020-09-14T04:00:00,12340000.0
2020-09-14T00:00:00,12327000.0
2020-09-15T20:00:00,12814000.0
2020-09-15T16:00:00,12795000.0
2020-09-15T12:00:00,12789000.0
2020-09-15T08:00:00,12806000.0
2020-09-15T04:00:00,12715000.0
2020-09-15T00:00:00,12720000.0
2020-09-16T20:00:00,12913000.0
2020-09-16T16:00:00,12943000.0
2020-09-16T12:00:00,12928000.0
2020-09-16T08:00:00,12848000.0
2020-09-16T04:00:00,12877000.0
2020-09-16T00:00:00,12762000.0
2020-09-17T20:00:00,12811000.0
2020-09-17T16:00:00,12796000.0
2020-09-17T12:00:00,12739000.0
2020-09-17T08:00:00,12771000.0
2020-09-17T04:00:00,12790000.0
2020-09-17T00:00:00,12800000.0
2020-09-18T20:00:00,12777000.0
2020-09-18T16:00:00,12731000.0
2020-09-18T12:00:00,12755000.0
2020-09-18T08:00:00,12780000.0
2020-09-18T04:00:00,12746000.0
2020-09-18T00:00:00,12728000.0
2020-09-19T20:00:00,12940000.0
2020-09-19T16:00:00,12911000.0
2020-09-19T12:00:00,12949000.0
2020-09-19T08:00:00,13001000.0
2020-09-19T04:00:00,12768000.0
2020-09-19T00:00:00,12805000.0
2020-09-20T20:00:00,12819000.0
2020-09-20T16:00:00,12760000.0
2020-09-20T12:00:00,12736000.0
2020-09-20T08:00:00,12825000.0
2020-09-20T04:00:00,12819000.0
2020-09-20T00:00:00,12806000.0
2020-09-21T20:00:00,12290000.0
2020-09-21T16:00:00,12320000.0
2020-09-21T12:00:00,12255000.0
2020-09-21T08:00:00,12416000.0
2020-09-21T04:00:00,12690000.0
2020-09-21T00:00:00,12786000.0
2020-09-22T20:00:00,12344000.0
2020-09-22T16:00:00,12277000.0
2020-09-22T12:00:00,12248000.0
2020-09-22T08:00:00,12234000.0
2020-09-22T04:00:00,12106000.0
2020-09-22T00:00:00,12242000.0
2020-09-23T20:00:00,11943000.0
2020-09-23T16:00:00,12092000.0
2020-09-23T12:00:00,12234000.0
2020-09-23T08:00:00,12237000.0
2020-09-23T04:00:00,12199000.0
2020-09-23T00:00:00,12257000.0
2020-09-24T20:00:00,12500000.0
2020-09-24T16:00:00,12381000.0
2020-09-24T12:00:00,12275000.0
2020-09-24T08:00:00,12146000.0
2020-09-24T04:00:00,12081000.0
2020-09-24T00:00:00,12030000.0
2020-09-25T20:00:00,12455000.0
2020-09-25T16:00:00,12505000.0
2020-09-25T12:00:00,12429000.0
2020-09-25T08:00:00,12414000.0
2020-09-25T04:00:00,12423000.0
2020-09-25T00:00:00,12411000.0
2020-09-26T20:00:00,12506000.0
2020-09-26T16:00:00,12478000.0
2020-09-26T12:00:00,12478000.0
2020-09-26T08:00:00,12468000.0
2020-09-26T04:00:00,12470000.0
2020-09-26T00:00:00,12482000.0
2020-09-27T20:00:00,12515000.0
2020-09-27T16:00:00,12499000.0
2020-09-27T12:00:00,12506000.0
2020-09-27T08:00:00,12388000.0
2020-09-27T04:00:00,12425000.0
2020-09-27T00:00:00,12547000.0
2020-09-28T20:00:00,12468000.0
2020-09-28T16:00:00,12632000.0
2020-09-28T12:00:00,12648000.0
2020-09-28T08:00:00,12640000.0
2020-09-28T04:00:00,12650000.0
2020-09-28T00:00:00,12670000.0
2020-09-29T20:00:00,12601000.0
2020-09-29T16:00:00,12519000.0
2020-09-29T12:00:00,12509000.0
2020-09-29T08:00:00,12507000.0
2020-09-29T04:00:00,12466000.0
2020-09-29T00:00:00,12422000.0
2020-10-01T20:00:00,12440000.0
2020-10-01T16:00:00,12426000.0
2020-10-01T12:00:00,12503000.0
2020-10-01T08:00:00,12636000.0
2020-10-01T04:00:00,12597000.0
2020-10-01T00:00:00,12561000.0
2020-10-02T20:00:00,12423000.0
2020-10-02T16:00:00,12385000.0
2020-10-02T12:00:00,12379000.0
2020-10-02T08:00:00,12272000.0
2020-10-02T04:00:00,12316000.0
2020-10-02T00:00:00,12460000.0
2020-10-03T20:00:00,12393000.0
2020-10-03T16:00:00,12398000.0
2020-10-03T12:00:00,12375000.0
2020-10-03T08:00:00,12363000.0
2020-10-03T04:00:00,12360000.0
2020-10-03T00:00:00,12410000.0
2020-10-04T20:00:00,12447000.0
2020-10-04T16:00:00,12494000.0
2020-10-04T12:00:00,12429000.0
2020-10-04T08:00:00,12401000.0
2020-10-04T04:00:00,12430000.0
2020-10-04T00:00:00,12372000.0
2020-10-05T20:00:00,12536000.0
2020-10-05T16:00:00,12496000.0
2020-10-05T12:00:00,12456000.0
2020-10-05T08:00:00,12446000.0
2020-10-05T04:00:00,12467000.0
2020-10-05T00:00:00,12430000.0
2020-10-06T20:00:00,12418000.0
2020-10-06T16:00:00,12364000.0
2020-10-06T12:00:00,12511000.0
2020-10-06T08:00:00,12464000.0
2020-10-06T04:00:00,12460000.0
2020-10-06T00:00:00,12511000.0
2020-10-07T20:00:00,12423000.0
2020-10-07T16:00:00,12412000.0
2020-10-07T12:00:00,12391000.0
2020-10-07T08:00:00,12365000.0
2020-10-07T04:00:00,12369000.0
2020-10-07T00:00:00,12359000.0
2020-10-08T20:00:00,12582000.0
2020-10-08T16:00:00,12562000.0
2020-10-08T12:00:00,12591000.0
2020-10-08T08:00:00,12362000.0
2020-10-08T04:00:00,12327000.0
2020-10-08T00:00:00,12380000.0
2020-10-09T20:00:00,12638000.0
2020-10-09T16:00:00,12636000.0
2020-10-09T12:00:00,12678000.0
2020-10-09T08:00:00,12696000.0
2020-10-09T04:00:00,12556000.0
2020-10-09T00:00:00,12530000.0
2020-10-10T20:00:00,12864000.0
2020-10-10T16:00:00,12904000.0
2020-10-10T12:00:00,12896000.0
2020-10-10T08:00:00,12898000.0
2020-10-10T04:00:00,12897000.0
2020-10-10T00:00:00,12941000.0
2020-10-11T20:00:00,12934000.0
2020-10-11T16:00:00,12907000.0
2020-10-11T12:00:00,12953000.0
2020-10-11T08:00:00,12917000.0
2020-10-11T04:00:00,12900000.0
2020-10-11T00:00:00,12869000.0
2020-10-12T20:00:00,13172000.0
2020-10-12T16:00:00,13183000.0
2020-10-12T12:00:00,13198000.0
2020-10-12T08:00:00,12899000.0
2020-10-12T04:00:00,12967000.0
2020-10-12T00:00:00,13013000.0
2020-10-13T20:00:00,13134000.0
2020-10-13T16:00:00,13125000.0
2020-10-13T12:00:00,13086000.0
2020-10-13T08:00:00,13161000.0
2020-10-13T04:00:00,13111000.0
2020-10-13T00:00:00,13123000.0
2020-10-14T20:00:00,13150000.0
2020-10-14T16:00:00,13103000.0
2020-10-14T12:00:00,13049000.0
2020-10-14T08:00:00,13087000.0
2020-10-14T04:00:00,13132000.0
2020-10-14T00:00:00,13080000.0
2020-10-15T20:00:00,13226000.0
2020-10-15T16:00:00,13223000.0
2020-10-15T12:00:00,13128000.0
2020-10-15T08:00:00,13032000.0
2020-10-15T04:00:00,13103000.0
2020-10-15T00:00:00,13066000.0
2020-10-16T20:00:00,13054000.0
2020-10-16T16:00:00,13024000.0
2020-10-16T12:00:00,13020000.0
2020-10-16T08:00:00,13070000.0
2020-10-16T04:00:00,13017000.0
2020-10-16T00:00:00,13226000.0
2020-10-17T20:00:00,13078000.0
2020-10-17T16:00:00,13057000.0
2020-10-17T12:00:00,13041000.0
2020-10-17T08:00:00,13044000.0
2020-10-17T04:00:00,13040000.0
2020-10-17T00:00:00,13072000.0
2020-10-18T20:00:00,13207000.0
2020-10-18T16:00:00,13166000.0
2020-10-18T12:00:00,13161000.0
2020-10-18T08:00:00,13119000.0
2020-10-18T04:00:00,13135000.0
2020-10-18T00:00:00,13061000.0
2020-10-19T20:00:00,13415000.0
2020-10-19T16:00:00,13350000.0
2020-10-19T12:00:00,13469000.0
2020-10-19T08:00:00,13162000.0
2020-10-19T04:00:00,13160000.0
2020-10-19T00:00:00,13110000.0
2020-10-20T20:00:00,13646000.0
2020-10-20T16:00:00,13648000.0
2020-10-20T12:00:00,13642000.0
2020-10-20T08:00:00,13464000.0
2020-10-20T04:00:00,13412000.0
2020-10-20T00:00:00,13386000.0
2020-10-21T20:00:00,14423000.0
2020-10-21T16:00:00,14312000.0
2020-10-21T12:00:00,14372000.0
2020-10-21T08:00:00,13956000.0
2020-10-21T04:00:00,13826000.0
2020-10-21T00:00:00,13846000.0
2020-10-22T20:00:00,14558000.0
2020-10-22T16:00:00,14682000.0
2020-10-22T12:00:00,14552000.0
2020-10-22T08:00:00,14568000.0
2020-10-22T04:00:00,14368000.0
2020-10-22T00:00:00,14378000.0
2020-10-23T20:00:00,14584000.0
2020-10-23T16:00:00,14578000.0
2020-10-23T12:00:00,14578000.0
2020-10-23T08:00:00,14578000.0
2020-10-23T04:00:00,14463000.0
2020-10-23T00:00:00,14577000.0
2020-10-24T20:00:00,14760000.0
2020-10-24T16:00:00,14749000.0
2020-10-24T12:00:00,14737000.0
2020-10-24T08:00:00,14617000.0
2020-10-24T04:00:00,14567000.0
2020-10-24T00:00:00,14614000.0
2020-10-25T20:00:00,14690000.0
2020-10-25T16:00:00,14728000.0
2020-10-25T12:00:00,14638000.0
2020-10-25T08:00:00,14612000.0
2020-10-25T04:00:00,14714000.0
2020-10-25T00:00:00,14965000.0
2020-10-26T20:00:00,14764000.0
2020-10-26T16:00:00,14718000.0
2020-10-26T12:00:00,14705000.0
2020-10-26T08:00:00,14788000.0
2020-10-26T04:00:00,14665000.0
2020-10-26T00:00:00,14718000.0
2020-10-27T20:00:00,15312000.0
2020-10-27T16:00:00,15319000.0
2020-10-27T12:00:00,15277000.0
2020-10-27T08:00:00,15070000.0
2020-10-27T04:00:00,14780000.0
2020-10-27T00:00:00,14760000.0
2020-10-28T20:00:00,15060000.0
2020-10-28T16:00:00,14933000.0
2020-10-28T12:00:00,14973000.0
2020-10-28T08:00:00,15071000.0
2020-10-28T04:00:00,15438000.0
2020-10-28T00:00:00,15495000.0
2020-10-29T20:00:00,15207000.0
2020-10-29T16:00:00,15244000.0
2020-10-29T12:00:00,15169000.0
2020-10-29T08:00:00,14792000.0
2020-10-29T04:00:00,14811000.0
2020-10-29T00:00:00,14997000.0
2020-10-30T20:00:00,15340000.0
2020-10-30T16:00:00,15296000.0
2020-10-30T12:00:00,15340000.0
2020-10-30T08:00:00,15167000.0
2020-10-30T04:00:00,14967000.0
2020-10-30T00:00:00,15184000.0
2020-11-01T20:00:00,15574000.0
2020-11-01T16:00:00,15611000.0
2020-11-01T12:00:00,15637000.0
2020-11-01T08:00:00,15537000.0
2020-11-01T04:00:00,15628000.0
2020-11-01T00:00:00,15537000.0
2020-11-02T20:00:00,15397000.0
2020-11-02T16:00:00,15384000.0
2020-11-02T12:00:00,15365000.0
2020-11-02T08:00:00,15200000.0
2020-11-02T04:00:00,15557000.0
2020-11-02T00:00:00,15498000.0
2020-11-03T20:00:00,15881000.0
2020-11-03T16:00:00,15552000.0
2020-11-03T12:00:00,15533000.0
2020-11-03T08:00:00,15353000.0
2020-11-03T04:00:00,15269000.0
2020-11-03T00:00:00,15273000.0
2020-11-04T20:00:00,15959000.0
2020-11-04T16:00:00,15923000.0
2020-11-04T12:00:00,15787000.0
2020-11-04T08:00:00,15631000.0
2020-11-04T04:00:00,15512000.0
2020-11-04T00:00:00,15817000.0
2020-11-05T20:00:00,17352000.0
2020-11-05T16:00:00,16843000.0
2020-11-05T12:00:00,16898000.0
2020-11-05T08:00:00,16538000.0
2020-11-05T04:00:00,16351000.0
2020-11-05T00:00:00,16207000.0
2020-11-06T20:00:00,17397000.0
2020-11-06T16:00:00,17271000.0
2020-11-06T12:00:00,17226000.0
2020-11-06T08:00:00,17381000.0
2020-11-06T04:00:00,17562000.0
2020-11-06T00:00:00,17313000.0
2020-11-07T20:00:00,16647000.0
2020-11-07T16:00:00,16572000.0
2020-11-07T12:00:00,17124000.0
2020-11-07T08:00:00,17294000.0
2020-11-07T04:00:00,17250000.0
2020-11-07T00:00:00,17364000.0
2020-11-08T20:00:00,17297000.0
2020-11-08T16:00:00,17131000.0
2020-11-08T12:00:00,17115000.0
2020-11-08T08:00:00,16955000.0
2020-11-08T04:00:00,16734000.0
2020-11-08T00:00:00,16869000.0
2020-11-09T20:00:00,17106000.0
2020-11-09T16:00:00,17143000.0
2020-11-09T12:00:00,16850000.0
2020-11-09T08:00:00,17499000.0
2020-11-09T04:00:00,17036000.0
2020-11-09T00:00:00,17193000.0
2020-11-10T20:00:00,17035000.0
2020-11-10T16:00:00,17036000.0
2020-11-10T12:00:00,16940000.0
2020-11-10T08:00:00,17020000.0
2020-11-10T04:00:00,17013000.0
2020-11-10T00:00:00,17065000.0
2020-11-11T20:00:00,17439000.0
2020-11-11T16:00:00,17474000.0
2020-11-11T12:00:00,17347000.0
2020-11-11T08:00:00,17272000.0
2020-11-11T04:00:00,17075000.0
2020-11-11T00:00:00,17107000.0
2020-11-12T20:00:00,17954000.0
2020-11-12T16:00:00,17791000.0
2020-11-12T12:00:00,17775000.0
2020-11-12T08:00:00,17489000.0
2020-11-12T04:00:00,17548000.0
2020-11-12T00:00:00,17335000.0
2020-11-13T20:00:00,17988000.0
2020-11-13T16:00:00,17944000.0
2020-11-13T12:00:00,17791000.0
2020-11-13T08:00:00,17957000.0
2020-11-13T04:00:00,18025000.0
2020-11-13T00:00:00,18176000.0
2020-11-14T20:00:00,17796000.0
2020-11-14T16:00:00,17627000.0
2020-11-14T12:00:00,17659000.0
2020-11-14T08:00:00,17644000.0
2020-11-14T04:00:00,17788000.0
2020-11-14T00:00:00,17832000.0
2020-11-15T20:00:00,17670000.0
2020-11-15T16:00:00,17614000.0
2020-11-15T12:00:00,17706000.0
2020-11-15T08:00:00,17657000.0
2020-11-15T04:00:00,17697000.0
2020-11-15T00:00:00,17636000.0
2020-11-16T20:00:00,18275000.0
2020-11-16T16:00:00,18385000.0
2020-11-16T12:00:00,18040000.0
2020-11-16T08:00:00,17901000.0
2020-11-16T04:00:00,17911000.0
2020-11-16T00:00:00,17708000.0
2020-11-17T20:00:00,19332000.0
2020-11-17T16:00:00,19176000.0
2020-11-17T12:00:00,18983000.0
2020-11-17T08:00:00,18596000.0
2020-11-17T04:00:00,18389000.0
2020-11-17T00:00:00,18230000.0
2020-11-18T20:00:00,19714000.0
2020-11-18T16:00:00,19567000.0
2020-11-18T12:00:00,19788000.0
2020-11-18T08:00:00,20080000.0
2020-11-18T04:00:00,19963000.0
2020-11-18T00:00:00,19840000.0
2020-11-19T20:00:00,19802000.0
2020-11-19T16:00:00,19904000.0
2020-11-19T12:00:00,19988000.0
2020-11-19T08:00:00,19740000.0
2020-11-19T04:00:00,19699000.0
2020-11-19T00:00:00,19917000.0
2020-11-20T20:00:00,20627000.0
2020-11-20T16:00:00,20579000.0
2020-11-20T12:00:00,20679000.0
2020-11-20T08:00:00,20236000.0
2020-11-20T04:00:00,20222000.0
2020-11-20T00:00:00,19880000.0
2020-11-21T20:00:00,20351000.0
2020-11-21T16:00:00,20480000.0
2020-11-21T12:00:00,20579000.0
2020-11-21T08:00:00,20498000.0
2020-11-21T04:00:00,20665000.0
2020-11-21T00:00:00,20742000.0
2020-11-22T20:00:00,20307000.0
2020-11-22T16:00:00,20104000.0
2020-11-22T12:00:00,20216000.0
2020-11-22T08:00:00,19812000.0
2020-11-22T04:00:00,20182000.0
2020-11-22T00:00:00,20228000.0
2020-11-23T20:00:00,20100000.0
2020-11-23T16:00:00,20204000.0
2020-11-23T12:00:00,20084000.0
2020-11-23T08:00:00,20366000.0
2020-11-23T04:00:00,20240000.0
2020-11-23T00:00:00,20216000.0
2020-11-24T20:00:00,20957000.0
2020-11-24T16:00:00,20721000.0
2020-11-24T12:00:00,21210000.0
2020-11-24T08:00:00,21052000.0
2020-11-24T04:00:00,20287000.0
2020-11-24T00:00:00,20344000.0
2020-11-25T20:00:00,20840000.0
2020-11-25T16:00:00,20939000.0
2020-11-25T12:00:00,20893000.0
2020-11-25T08:00:00,21043000.0
2020-11-25T04:00:00,20810000.0
2020-11-25T00:00:00,20771000.0
2020-11-26T20:00:00,19225000.0
2020-11-26T16:00:00,18708000.0
2020-11-26T12:00:00,19019000.0
2020-11-26T08:00:00,19153000.0
2020-11-26T04:00:00,19835000.0
2020-11-26T00:00:00,20194000.0
2020-11-27T20:00:00,19129000.0
2020-11-27T16:00:00,18715000.0
2020-11-27T12:00:00,18522000.0
2020-11-27T08:00:00,18764000.0
2020-11-27T04:00:00,19005000.0
2020-11-27T00:00:00,19095000.0
2020-11-28T20:00:00,19484000.0
2020-11-28T16:00:00,19505000.0
2020-11-28T12:00:00,19332000.0
2020-11-28T08:00:00,19126000.0
2020-11-28T04:00:00,19038000.0
2020-11-28T00:00:00,18930000.0
2020-11-29T20:00:00,19991000.0
2020-11-29T16:00:00,19896000.0
2020-11-29T12:00:00,19875000.0
2020-11-29T08:00:00,19945000.0
2020-11-29T04:00:00,19623000.0
2020-11-29T00:00:00,19702000.0
2020-12-01T20:00:00,20867000.0
2020-12-01T16:00:00,21093000.0
2020-12-01T12:00:00,21169000.0
2020-12-01T08:00:00,21122000.0
2020-12-01T04:00:00,21212000.0
2020-12-01T00:00:00,21216000.0
2020-12-02T20:00:00,21097000.0
2020-12-02T16:00:00,21027000.0
2020-12-02T12:00:00,20844000.0
2020-12-02T08:00:00,20993000.0
2020-12-02T04:00:00,21117000.0
2020-12-02T00:00:00,20557000.0
2020-12-03T20:00:00,21179000.0
2020-12-03T16:00:00,21178000.0
2020-12-03T12:00:00,21247000.0
2020-12-03T08:00:00,21170000.0
2020-12-03T04:00:00,20997000.0
2020-12-03T00:00:00,20914000.0
2020-12-04T20:00:00,20569000.0
2020-12-04T16:00:00,20775000.0
2020-12-04T12:00:00,20677000.0
2020-12-04T08:00:00,20590000.0
2020-12-04T04:00:00,20998000.0
2020-12-04T00:00:00,20839000.0
2020-12-05T20:00:00,20781000.0
2020-12-05T16:00:00,20771000.0
2020-12-05T12:00:00,20783000.0
2020-12-05T08:00:00,20761000.0
2020-12-05T04:00:00,20696000.0
2020-12-05T00:00:00,20700000.0
2020-12-06T20:00:00,20976000.0
2020-12-06T16:00:00,20803000.0
2020-12-06T12:00:00,20811000.0
2020-12-06T08:00:00,20784000.0
2020-12-06T04:00:00,20871000.0
2020-12-06T00:00:00,20831000.0
2020-12-07T20:00:00,20834000.0
2020-12-07T16:00:00,20680000.0
2020-12-07T12:00:00,20861000.0
2020-12-07T08:00:00,20790000.0
2020-12-07T04:00:00,21004000.0
2020-12-07T00:00:00,20892000.0
2020-12-08T20:00:00,20010000.0
2020-12-08T16:00:00,20509000.0
2020-12-08T12:00:00,20449000.0
2020-12-08T08:00:00,20437000.0
2020-12-08T04:00:00,20852000.0
2020-12-08T00:00:00,20834000.0
2020-12-09T20:00:00,20267000.0
2020-12-09T16:00:00,19897000.0
2020-12-09T12:00:00,20011000.0
2020-12-09T08:00:00,19925000.0
2020-12-09T04:00:00,19520000.0
2020-12-09T00:00:00,19877000.0
2020-12-10T20:00:00,19950000.0
2020-12-10T16:00:00,20125000.0
2020-12-10T12:00:00,19823000.0
2020-12-10T08:00:00,19910000.0
2020-12-10T04:00:00,19997000.0
2020-12-10T00:00:00,20074000.0
2020-12-11T20:00:00,19658000.0
2020-12-11T16:00:00,19718000.0
2020-12-11T12:00:00,19883000.0
2020-12-11T08:00:00,19530000.0
2020-12-11T04:00:00,19600000.0
2020-12-11T00:00:00,19747000.0
2020-12-12T20:00:00,20585000.0
2020-12-12T16:00:00,20469000.0
2020-12-12T12:00:00,20090000.0
2020-12-12T08:00:00,20246000.0
2020-12-12T04:00:00,20060000.0
2020-12-12T00:00:00,20051000.0
2020-12-13T20:00:00,20793000.0
2020-12-13T16:00:00,20850000.0
2020-12-13T12:00:00,20853000.0
2020-12-13T08:00:00,20961000.0
2020-12-13T04:00:00,20976000.0
2020-12-13T00:00:00,20549000.0
2020-12-14T20:00:00,20939000.0
2020-12-14T16:00:00,20899000.0
2020-12-14T12:00:00,20894000.0
2020-12-14T08:00:00,20841000.0
2020-12-14T04:00:00,20860000.0
2020-12-14T00:00:00,20908000.0
2020-12-15T20:00:00,21103000.0
2020-12-15T16:00:00,21196000.0
2020-12-15T12:00:00,21139000.0
2020-12-15T08:00:00,21056000.0
2020-12-15T04:00:00,20911000.0
2020-12-15T00:00:00,21202000.0
2020-12-16T20:00:00,22888000.0
2020-12-16T16:00:00,22310000.0
2020-12-16T12:00:00,22378000.0
2020-12-16T08:00:00,21469000.0
2020-12-16T04:00:00,21126000.0
2020-12-16T00:00:00,21016000.0
2020-12-17T20:00:00,24743000.0
2020-12-17T16:00:00,24777000.0
2020-12-17T12:00:00,25059000.0
2020-12-17T08:00:00,24692000.0
2020-12-17T04:00:00,24327000.0
2020-12-17T00:00:00,23450000.0
2020-12-18T20:00:00,25151000.0
2020-12-18T16:00:00,24885000.0
2020-12-18T12:00:00,24726000.0
2020-12-18T08:00:00,24823000.0
2020-12-18T04:00:00,25063000.0
2020-12-18T00:00:00,24915000.0
2020-12-19T20:00:00,26169000.0
2020-12-19T16:00:00,26120000.0
2020-12-19T12:00:00,25815000.0
2020-12-19T08:00:00,25065000.0
2020-12-19T04:00:00,25013000.0
2020-12-19T00:00:00,25186000.0
2020-12-20T20:00:00,25880000.0
2020-12-20T16:00:00,26269000.0
2020-12-20T12:00:00,26145000.0
2020-12-20T08:00:00,25910000.0
2020-12-20T04:00:00,26004000.0
2020-12-20T00:00:00,25706000.0
2020-12-21T20:00:00,25387000.0
2020-12-21T16:00:00,25424000.0
2020-12-21T12:00:00,25559000.0
2020-12-21T08:00:00,25151000.0
2020-12-21T04:00:00,26470000.0
2020-12-21T00:00:00,26448000.0
2020-12-22T20:00:00,26776000.0
2020-12-22T16:00:00,26086000.0
2020-12-22T12:00:00,26084000.0
2020-12-22T08:00:00,25795000.0
2020-12-22T04:00:00,25252000.0
2020-12-22T00:00:00,25439000.0
2020-12-23T20:00:00,26380000.0
2020-12-23T16:00:00,26495000.0
2020-12-23T12:00:00,26567000.0
2020-12-23T08:00:00,26057000.0
2020-12-23T04:00:00,26617000.0
2020-12-23T00:00:00,26610000.0
2020-12-24T20:00:00,26503000.0
2020-12-24T16:00:00,26360000.0
2020-12-24T12:00:00,26301000.0
2020-12-24T08:00:00,26205000.0
2020-12-24T04:00:00,26176000.0
2020-12-24T00:00:00,25971000.0
2020-12-25T20:00:00,27122000.0
2020-12-25T16:00:00,26838000.0
2020-12-25T12:00:00,26530000.0
2020-12-25T08:00:00,27165000.0
2020-12-25T04:00:00,26351000.0
2020-12-25T00:00:00,26207000.0
2020-12-26T20:00:00,29378000.0
2020-12-26T16:00:00,28575000.0
2020-12-26T12:00:00,28401000.0
2020-12-26T08:00:00,27381000.0
2020-12-26T04:00:00,27384000.0
2020-12-26T00:00:00,27424000.0
2020-12-27T20:00:00,29319000.0
2020-12-27T16:00:00,29974000.0
2020-12-27T12:00:00,30331000.0
2020-12-27T08:00:00,30785000.0
2020-12-27T04:00:00,30635000.0
2020-12-27T00:00:00,29450000.0
2020-12-28T20:00:00,30249000.0
2020-12-28T16:00:00,30001000.0
2020-12-28T12:00:00,29913000.0
2020-12-28T08:00:00,29802000.0
2020-12-28T04:00:00,30050000.0
2020-12-28T00:00:00,30379000.0
2020-12-29T20:00:00,30498000.0
2020-12-29T16:00:00,30011000.0
2020-12-29T12:00:00,30043000.0
2020-12-29T08:00:00,30136000.0
2020-12-29T04:00:00,29608000.0
2020-12-29T00:00:00,29705000.0
2020-12-30T20:00:00,31891000.0
2020-12-30T16:00:00,31699000.0
2020-12-30T12:00:00,31152000.0
2020-12-30T08:00:00,30966000.0
2020-12-30T04:00:00,31586000.0
2020-12-30T00:00:00,31430000.0
